15:50;00:00;15:59;16:00;16:02;16:03;16:04;16:05;16:08;00:00;16:15;16:17;16:18;16:19;16:21;16:23;16:24;16:25;16:26;16:26;16:28;16:33;00:00;00:00;16:41;16:41;16:42;16:42;
15:52;15:53;15:54;00:00;16:13;16:16;16:17;00:00;16:23;16:24;16:26;16:27;16:29;16:30;16:31;16:32;16:32;16:37;16:39;00:00;16:41;16:42;16:43;16:45;16:47;16:48;00:00;16:52;
15:52;00:00;16:13;16:17;16:18;16:18;16:19;00:00;16:27;16:28;16:30;16:30;16:31;16:33;00:00;16:35;00:00;16:39;16:41;16:41;16:43;16:44;16:45;16:47;16:48;16:49;16:51;16:52;
15:53;15:56;15:57;16:00;16:01;16:03;16:04;16:06;16:08;16:09;00:00;00:00;16:20;16:23;16:28;16:29;16:29;16:30;16:31;16:36;16:38;16:40;16:41;16:46;16:47;16:49;16:52;16:53;
15:51;15:52;15:54;15:57;16:02;16:04;16:06;00:00;16:09;16:11;16:15;00:00;16:20;00:00;16:28;16:28;16:29;00:00;16:36;16:37;00:00;16:39;00:00;16:41;16:45;16:45;16:50;16:51;
15:50;15:55;15:59;16:03;16:04;16:06;16:06;16:09;16:10;16:14;16:14;16:15;16:15;16:22;16:23;16:24;16:26;16:26;16:28;16:31;16:31;16:33;16:34;16:40;16:40;00:00;16:41;16:42;
15:50;15:58;15:59;00:00;16:01;16:05;16:06;16:13;16:18;16:19;00:00;16:21;16:23;16:28;16:30;16:36;16:36;00:00;16:37;16:41;00:00;00:00;16:45;16:47;16:48;16:49;16:50;16:50;
15:53;15:55;15:55;15:55;16:00;16:06;16:07;16:08;16:10;16:13;16:14;16:16;16:18;16:21;16:22;16:23;16:24;16:24;16:27;16:30;16:33;16:34;16:34;16:37;16:38;16:40;16:41;16:42;
15:50;15:53;15:54;15:56;16:03;16:04;16:07;16:10;16:11;16:14;16:15;16:17;00:00;16:23;16:27;16:28;16:29;16:30;16:33;16:36;16:37;16:37;16:38;16:39;16:40;16:41;16:43;16:43;
15:50;15:57;15:59;16:03;16:06;16:16;16:19;16:27;16:34;16:36;16:40;16:46;16:48;00:00;16:50;00:00;00:00;00:00;00:00;00:00;00:00;00:00;00:00;00:00;00:00;00:00;00:00;16:50;
15:54;16:04;16:12;16:20;16:26;16:27;16:29;16:29;16:31;16:34;16:35;16:36;16:37;16:38;16:40;16:42;16:43;16:46;00:00;16:48;16:50;16:50;16:52;16:52;16:52;16:53;16:54;16:54;
15:50;15:50;15:54;15:57;15:59;16:08;16:09;16:10;16:12;16:13;16:18;16:23;16:27;16:28;16:29;16:30;16:31;16:33;16:35;16:36;16:36;16:36;16:37;16:40;16:41;16:43;16:45;16:45;
15:54;16:01;16:04;16:08;16:09;16:09;16:09;16:11;16:12;16:15;00:00;00:00;16:18;16:20;16:20;16:20;16:24;16:24;16:26;16:27;16:30;16:31;16:34;16:34;16:42;16:43;16:47;16:48;
15:50;16:03;16:08;16:10;16:10;16:11;16:15;16:16;16:22;16:23;16:28;16:28;16:29;16:31;16:33;16:38;16:39;16:43;16:46;16:48;00:00;00:00;00:00;00:00;00:00;00:00;00:00;16:50;
15:50;15:51;15:52;15:52;15:57;16:00;16:02;16:02;16:05;16:08;16:09;16:10;16:13;16:15;16:15;16:16;16:18;16:20;16:23;16:24;16:25;16:25;16:32;16:33;16:34;16:36;16:44;16:44;
15:50;15:55;16:00;16:10;16:10;16:18;16:19;16:20;16:22;16:27;16:34;16:35;16:36;16:38;16:39;16:39;16:40;16:40;00:00;16:42;16:43;16:44;16:45;16:45;00:00;16:47;16:49;16:49;
15:50;15:52;15:55;15:58;16:00;16:05;16:09;16:11;16:12;16:14;16:16;00:00;16:21;16:23;16:26;00:00;16:32;16:34;16:35;16:37;16:38;16:43;16:45;16:45;16:46;00:00;16:50;16:50;
15:50;15:52;15:56;15:57;16:03;16:07;16:08;16:10;00:00;16:19;16:25;16:26;16:27;16:31;16:33;16:35;00:00;16:37;16:41;00:00;16:44;00:00;16:45;00:00;16:47;16:48;16:49;16:50;
15:50;15:51;15:51;15:54;15:58;16:02;16:04;16:04;16:08;16:14;16:15;16:18;16:19;16:21;16:21;16:22;16:23;16:24;16:25;16:31;16:32;16:33;16:34;16:35;16:38;16:38;16:41;16:42;
15:54;16:04;16:12;16:12;16:20;16:22;16:25;16:25;16:26;16:28;16:31;16:33;16:36;16:38;16:39;16:41;16:41;16:42;16:43;16:43;16:48;16:51;16:52;16:53;16:53;16:54;00:00;16:54;
15:50;15:52;15:53;15:55;15:57;16:01;16:03;00:00;16:07;16:09;16:11;16:13;16:14;16:14;16:14;16:15;16:16;16:17;16:18;16:20;00:00;16:27;16:27;00:00;00:00;16:35;00:00;16:36;
15:50;15:53;15:53;00:00;15:59;16:03;16:04;16:06;00:00;16:13;16:14;16:15;16:18;16:18;16:19;00:00;16:26;16:28;00:00;16:33;16:36;00:00;16:38;16:39;16:39;16:40;16:43;16:50;
15:50;15:59;16:09;16:12;16:14;16:18;16:19;16:20;16:20;16:21;16:24;16:24;16:25;16:26;16:26;16:27;16:31;16:33;16:34;16:35;16:36;16:37;16:38;16:38;16:39;16:42;16:44;16:44;
15:50;15:57;16:01;16:11;00:00;16:16;16:19;00:00;16:24;16:27;16:27;16:29;16:30;16:34;16:36;16:38;16:39;16:39;16:40;16:40;16:42;16:42;16:43;16:43;16:44;16:45;16:48;16:48;
15:50;15:59;16:08;16:11;16:17;16:19;00:00;16:22;16:24;16:27;16:34;16:34;16:38;16:38;16:38;00:00;16:40;16:41;16:42;16:42;16:44;16:45;16:46;16:46;16:47;16:47;16:48;16:48;
15:51;00:00;15:58;16:03;16:15;16:21;16:24;16:25;00:00;16:32;16:34;16:35;16:36;16:39;16:39;16:39;16:41;16:45;16:46;16:46;16:47;16:48;16:49;00:00;16:51;00:00;00:00;16:51;
15:50;15:53;15:56;15:57;15:58;15:58;16:01;16:03;16:04;16:08;16:09;16:14;00:00;16:18;16:19;16:25;16:25;16:26;16:30;16:32;16:36;16:37;16:38;16:39;16:40;16:41;16:42;16:42;
15:50;15:51;15:54;15:55;15:57;15:58;16:00;16:04;16:08;16:09;16:14;16:18;16:21;00:00;16:33;16:34;16:37;16:38;16:39;00:00;16:42;16:44;16:46;16:47;16:48;00:00;16:50;16:50;
15:50;15:53;16:00;16:02;16:06;16:07;16:08;16:16;16:20;16:22;16:24;16:29;16:31;16:32;16:34;16:35;00:00;16:41;16:42;16:44;16:45;16:46;16:46;16:46;16:47;16:47;16:49;16:49;
15:52;15:55;15:57;16:06;16:09;16:09;16:16;16:22;16:25;16:30;16:31;16:34;16:35;16:36;16:39;16:41;16:42;16:45;16:46;16:48;16:49;16:51;16:52;16:52;00:00;00:00;00:00;16:52;
15:50;15:51;15:52;15:58;16:04;16:06;16:06;16:07;16:09;16:10;16:10;16:11;16:14;16:15;16:22;16:23;16:25;16:26;16:32;16:41;16:41;16:43;16:44;16:44;16:44;16:47;00:00;16:48;
15:50;15:55;00:00;16:05;16:06;16:07;16:11;16:13;16:14;16:14;16:16;16:18;16:23;16:26;16:27;16:28;16:32;16:32;16:33;16:36;16:37;16:38;16:39;16:41;16:42;16:43;16:50;16:50;
15:50;15:51;15:53;15:53;00:00;16:00;16:01;16:02;16:04;16:07;00:00;16:12;16:13;16:14;16:16;16:18;16:19;16:21;16:22;16:22;16:25;00:00;16:34;16:36;16:39;16:40;16:42;16:43;
15:50;15:51;15:56;15:58;16:03;16:14;16:15;16:16;16:19;16:22;16:23;16:24;16:27;16:29;16:31;16:32;16:33;16:35;16:37;00:00;16:42;16:45;16:47;16:47;16:48;16:48;16:49;16:49;
15:51;15:58;16:00;16:03;16:05;16:06;00:00;16:16;16:17;16:18;00:00;16:28;16:29;16:31;16:33;16:35;16:36;16:39;16:42;16:42;16:43;16:44;16:45;16:45;16:45;16:46;16:46;16:47;
